video_id,title,publishedAt,views,likes,comments,like_ratio,publish_hour,publish_day
_uQrJ0TkZlc,Python Full Course for Beginners,2019-02-18 15:00:08+00:00,45777025,1214715,60841,0.026535472761718353,15,Monday
kqtD5dpn9C8,Python for Beginners - Learn Coding with Python in 1 Hour,2020-09-16 13:00:20+00:00,22721427,523506,26070,0.02304019021340517,13,Wednesday
b093aqAZiPU,üë©‚Äçüíª Python for Beginners Tutorial,2021-03-25 10:00:08+00:00,3957258,86577,2956,0.02187802766461019,10,Thursday
Z1Yd7upQsXY,Python Tutorial for Absolute Beginners #1 - What Are Variables?,2017-12-26 14:57:53+00:00,9329144,202984,8570,0.021758051971327703,14,Tuesday
rfscVS0vtbw,Learn Python - Full Course for Beginners [Tutorial],2018-07-11 18:00:42+00:00,47673917,1102759,45753,0.023131285814001815,18,Wednesday
K5KVEU3aaeQ,Python Full Course for Beginners [2025],2025-02-12 12:30:31+00:00,3254654,81891,2204,0.02516119993092968,12,Wednesday
t8pPdKYpowI,Python Tutorial for Beginners - Learn Python in 5 Hours [FULL COURSE],2021-03-05 14:10:17+00:00,6504156,166039,3985,0.025528139238972743,14,Friday
mB0EBW-vDSQ,Do THIS instead of watching endless tutorials - how I‚Äôd learn Python FAST‚Ä¶,2025-05-16 15:43:06+00:00,322732,14666,323,0.045443278013955854,15,Friday
iA4g1UHgHy0,Build AI Agents From Scratch in Python (Easy Step-by-step Tutorial),2025-09-16 14:57:32+00:00,305,13,1,0.04262295081967213,14,Tuesday
hEgO047GxaQ,#1 Python Tutorial for Beginners | Introduction to Python,2018-06-30 13:30:28+00:00,5798588,81711,1337,0.014091534007934345,13,Saturday
fWjsdhR3z3c,Learn Python in Less than 10 Minutes for Beginners (Fast & Easy),2021-05-26 12:32:40+00:00,985229,23029,581,0.023374261212367888,12,Wednesday
qwAFL1597eM,Python Tutorial for Beginners (with mini-projects),2023-09-19 14:33:56+00:00,940105,19981,605,0.021254008860712367,14,Tuesday
Ro_MScTDfU4,Learn Python in Only 30 Minutes (Beginner Tutorial),2024-11-18 14:00:24+00:00,209080,7045,157,0.033695236273196864,14,Monday
mRMmlo_Uqcs,you need to learn Python RIGHT NOW!! // EP 1,2021-08-14 17:22:45+00:00,2748143,110769,5156,0.04030685448319101,17,Saturday
nluUYtejoIE,Python Basics: Your FIRST Program in Under a Minute! üöÄ,2024-06-21 07:55:33+00:00,536247,8252,82,0.015388431077469898,7,Friday
qEwnlMBaLfc,Python in Excel - Beginner Tutorial,2023-09-21 07:00:21+00:00,449984,6199,195,0.013776045370502062,7,Thursday
Gx5qb1uHss4,10 Important Python Concepts In 20 Minutes,2024-08-07 09:05:05+00:00,967118,29631,313,0.030638453632338556,9,Wednesday
eWRfhZUzrAc,Python for Beginners ‚Äì Full Course [Programming Tutorial],2022-08-09 12:54:23+00:00,3757042,72070,1508,0.0191826442185102,12,Tuesday
St48epdRDZw,How I Would Learn Python FAST (if I could start over),2024-06-19 15:04:05+00:00,1367483,48866,936,0.03573426506947436,15,Wednesday
80yIVH2aOy0,python programming|python for beginners|python full course,2025-06-06 00:51:25+00:00,291935,5781,52,0.019802353263568946,0,Friday
9Os0o3wzS_I,Python Tutorial for Beginners 8: Functions,2017-05-17 19:00:01+00:00,1249697,24829,830,0.019868016007080117,19,Wednesday
q2-pnQffZik,Learn Python for FREE in 2025,2024-12-31 02:30:33+00:00,569691,15821,123,0.027771195261992905,2,Tuesday
QXeEoD0pB3E,#0 Python for Beginners | Programming Tutorial,2018-08-16 08:58:58+00:00,8872728,94540,1187,0.01065512207744901,8,Thursday
GfWRxr1OBm4,Python Basics: The Best Way to Learn Python Programming (2024),2024-12-29 01:57:30+00:00,958359,14147,124,0.014761691599911933,1,Sunday
H2EJuAcrZYU,Python Full Course for Beginners | Complete All-in-One Tutorial | 9 Hours,2023-07-25 13:00:21+00:00,937364,20266,610,0.021620203037453968,13,Tuesday
ix9cRaBkVe0,Python Full Course for free üêç (2024),2024-08-20 13:00:54+00:00,6332963,210806,12514,0.033287104314362805,13,Tuesday
W-8j4MrsX2s,Amazing Flower Design using Python turtle üê¢ #python #coding #funny #viral #trending #design,2023-05-24 13:15:02+00:00,1187560,50864,342,0.042830678028899595,13,Wednesday
Sg4GMVMdOPo,Start coding with PYTHON in 5 minutes! üêç,2024-08-16 16:08:32+00:00,436196,12591,529,0.02886546414914396,16,Friday
IR2D0rrF2ow,Python in Excel‚ÄºÔ∏è #excel #python,2023-10-27 13:00:14+00:00,404424,9208,34,0.022768183886218426,13,Friday
WCM65ION4nE,Python Syllabus | Python for Beginners | Complete Python Course #pythonlearning,2024-01-25 09:38:59+00:00,528981,5970,12,0.011285849586280037,9,Thursday
fXxUYb0s-pc,Impress your crush using Python Code ‚ù§Ô∏è,2022-04-07 05:03:39+00:00,1316646,24028,317,0.01824940037033493,5,Thursday
iju6xKZacGQ,I Create Excel file in 5sec using Python || python excel || python pandas || python to excel #python,2024-03-26 16:00:35+00:00,832367,11229,67,0.013490443518303825,16,Tuesday
Sl4zqWLC9Xw,Fastest way to learn Python #coding #python #programming,2023-08-30 13:00:21+00:00,2108533,197059,362,0.09345786857497607,13,Wednesday
VchuKL44s6E,Python As Fast as Possible - Learn Python in ~75 Minutes,2020-10-04 15:00:06+00:00,2077950,59526,1455,0.028646502562621814,15,Sunday
ZDa-Z5JzLYM,Python OOP Tutorial 1: Classes and Instances,2016-06-20 17:00:03+00:00,4788509,122137,3869,0.02550626927922658,17,Monday
IfKlGhRc7Dc,"Python Roadmap for Beginners! üêç Learn Python Programming Step-by-Step"" #python #conding",2024-06-16 06:40:42+00:00,1504753,23892,72,0.015877688896450116,6,Sunday
6i3e-j3wSf0,Python Tutorial for Beginners with VS Code üêç,2023-02-14 14:00:03+00:00,547316,11010,335,0.02011634960425056,14,Tuesday
tJ39Bf4OvrI,Python code in hindi for beginners|apna college|python tutorial for beginners.,2025-01-05 03:07:15+00:00,521054,11188,77,0.0214718628011684,3,Sunday
dZ8VrmzYL2A,Pygame - Display Image in Pygame python || Pygame python tutorial #python #pygame,2023-07-13 10:43:16+00:00,508109,6978,52,0.013733273766062006,10,Thursday
P5An-rTtM_k,Amazing Rotating Python Graphics Design using Turtle üê¢ #python #pythonshorts #coding #viral #design,2023-05-14 12:15:01+00:00,1741338,64689,473,0.0371490198916006,12,Sunday
Ix5cKThAa3E,Python Coding Basics: Get Started with VSCode,2025-01-30 14:41:56+00:00,249108,4751,53,0.019072049071085635,14,Thursday
mErBlm0yzZA,Do THIS Instead of Watching Endless Tutorials - How I'd Learn Python FAST (2025),2025-07-12 05:30:24+00:00,35041,1582,48,0.04514711338146742,5,Saturday
-cXWzWdtErI,Python turtle code | Beautiful design using python pydroid 3 app | python tutorial,2022-02-13 07:19:38+00:00,335047,14939,270,0.04458777425256755,7,Sunday
fHk-U1cyYmM,Print the given pattern in python? ( python for beginners ),2022-12-04 13:50:13+00:00,229793,3871,20,0.016845595818845656,13,Sunday
E1kDTUf6bsA,Password generator in Python!,2023-04-15 11:30:06+00:00,712135,48327,243,0.06786213288210803,11,Saturday
5B41CPvYMjY,The Ultimate Python Roadmap: From Beginner to Expert in 2025!,2023-08-11 18:10:35+00:00,773313,15537,69,0.020091476543133247,18,Friday
eaMDDseIL7E,How to create graphics using Python turtle üêçüê¢ #coding,2022-08-24 16:52:44+00:00,1823418,0,495,0.0,16,Wednesday
VNOz6vEHjEY,How to learn python in mobile #viral #python #tutorial #code,2023-08-16 06:49:30+00:00,329054,6671,48,0.020273268217374657,6,Wednesday
-qiMuTAnnlU,How to Learn Python Fast in 2024? | Learn Python With ChatGPT | Intellipaat #Shorts #Python #ChatGPT,2024-10-31 12:11:45+00:00,304870,17176,25,0.056338767343457864,12,Thursday
6i3EGqOBRiU,Introduction to Python Course | Python for beginners,2022-08-25 14:53:33+00:00,1564885,18403,575,0.01175996958242938,14,Thursday
ZDa-Z5JzLYM,Python OOP Tutorial 1: Classes and Instances,2016-06-20 17:00:03+00:00,4788509,122137,3869,0.02550626927922658,17,Monday
vCcPAX4jVN8,Python code | Beautiful design usind python | Pydroid 3 App,2022-02-01 15:40:32+00:00,451573,7267,81,0.016092636185068638,15,Tuesday
jl38lYNBKpY,Can A.I. CODE an ENTIRE game on PYTHON? Watch ChatGPT Try...,2023-05-13 09:54:33+00:00,302635,5060,77,0.016719810993440942,9,Saturday
RGMeRW3tB0w,Coding a game in Python #Shorts #Python,2022-05-26 16:16:58+00:00,1291065,26852,762,0.020798333159058605,16,Thursday
sDNMYB3ZBtk,3 SIMPLE Python Project Ideas,2023-06-27 16:14:59+00:00,626401,33408,80,0.05333324819085538,16,Tuesday
6i3e-j3wSf0,Python Tutorial for Beginners with VS Code üêç,2023-02-14 14:00:03+00:00,547316,11010,335,0.02011634960425056,14,Tuesday
mErBlm0yzZA,Do THIS Instead of Watching Endless Tutorials - How I'd Learn Python FAST (2025),2025-07-12 05:30:24+00:00,35041,1582,48,0.04514711338146742,5,Saturday
AaWaE2CEUF0,Python WEB SCRAPING in 30 Seconds! üî•üë®‚Äçüíª #shorts,2022-01-17 19:14:05+00:00,512230,13223,140,0.025814575483669444,19,Monday
utf7Wpf2OAs,python code in hindi for beginnersüêç python code with harry.,2025-03-02 14:46:27+00:00,24053,542,15,0.022533571695838358,14,Sunday
O4ZzNewqGYQ,Day 1 of 15 Days Python Tutorial üöÄ | How to Install Python & VS Code #pythontutorial #learnpython,2025-06-15 12:30:20+00:00,9637,310,17,0.032167687039535126,12,Sunday
aJGIV564pFE,Create a Jupyter Notebook in VS Code!,2021-08-04 01:10:34+00:00,308473,4094,49,0.013271826059330962,1,Wednesday
Z8nKqEERsn8,Master Python easilyüò≥Evlo easy Python programming languageüî•,2024-07-04 13:36:32+00:00,179690,16312,71,0.09077856308086148,13,Thursday
mXYHbssCa7c,how to run python code on MacBook / python tutorial/ #python #macbook #youtubeshorts #shorts,2022-09-29 08:41:55+00:00,40990,369,3,0.009002195657477433,8,Thursday
VchuKL44s6E,Python As Fast as Possible - Learn Python in ~75 Minutes,2020-10-04 15:00:06+00:00,2077950,59526,1455,0.028646502562621814,15,Sunday
ya28SEoYUdc,Pygame - Create My First game using Pygame python || Pygame python tutorial #python #pygame,2024-07-26 15:14:29+00:00,247566,3993,140,0.016129032258064516,15,Friday
BVyxC68kHdc,How to write a for loop in python #shorts #programming  #pythontutorial,2022-10-15 23:38:57+00:00,360188,4627,147,0.0128460692749342,23,Saturday
duajrwUUPXs,what is Python? most asked python Interview questions 1 #python #interview,2023-06-18 11:31:31+00:00,575587,21355,25,0.03710125489283114,11,Sunday
l5MlhRSpfSI,I learned python so I can do this...,2023-02-16 04:00:52+00:00,1813243,20049,223,0.011056984640227483,4,Thursday
UtVxd6sdxrI,How to Run Python Programs ( .py Files ) on Windows 11 Computer #learnpython #pythonlearning,2023-06-22 13:14:17+00:00,309929,3161,34,0.010199110118769138,13,Thursday
clGty9OfWKU,Building a Simple Keylogger in Python! üñ•Ô∏èüí° #pythontutorial #coding,2024-07-26 01:52:34+00:00,26004,587,21,0.022573450238424858,1,Friday
4nPcTfGYQms,Pygame - Create game in python || Pygame python tutorial #python #pygame,2023-04-03 09:20:30+00:00,1895811,57925,419,0.030554206089109092,9,Monday
JeznW_7DlB0,Python Object Oriented Programming (OOP) - For Beginners,2020-03-29 17:02:09+00:00,3772403,102454,2767,0.027158816277052054,17,Sunday
DKmYn0mbn_4,Variables in Python üêç programming language in Tamil #python #pythonprogramming #pythontutorial,2023-06-20 04:20:33+00:00,114435,2447,12,0.021383318040809195,4,Tuesday
nLRL_NcnK-4,Harvard CS50‚Äôs Introduction to Programming with Python ‚Äì Full University Course,2023-05-01 13:55:40+00:00,7112452,195625,3771,0.027504579292767107,13,Monday
Y7uQ3dS2uss,What is Python?,2022-09-10 09:51:37+00:00,685649,22579,48,0.03293084362407004,9,Saturday
dglcDIUTSsY,Build a Simple API from Scratch üíª FastAPI Tutorial for Beginner,2025-09-07 15:45:07+00:00,36635,2058,147,0.056175788180701514,15,Sunday
XKYMGepj7Y8,Python full course | javascript full course | code with harry | #coding #shorts #shortsvideo,2025-01-12 01:21:02+00:00,1046425,27667,193,0.026439544162266765,1,Sunday
XKHEtdqhLK8,Python Full Course for free üêç,2021-02-15 15:00:12+00:00,21244320,983687,27697,0.046303529602265456,15,Monday
St9pE2bv0zQ,A funny visualization of C++ vs Python | Funny Shorts | Meme,2022-12-13 11:30:08+00:00,1754015,24106,1301,0.013743326026288258,11,Tuesday
J8CwlpEwHoA,How to confuse a Python Developer?,2022-05-11 17:00:09+00:00,3568900,85586,1232,0.023981058589481352,17,Wednesday
ugBTczoyFRo,How I make my animations using python~matplotlib #satisfying #mathematics #python #programming,2024-04-16 20:34:47+00:00,110100,4712,61,0.04279745685740236,20,Tuesday
4aHxtKWBpBw,Tutorial: How to test your Python code,2024-11-16 15:02:18+00:00,26431,1798,29,0.06802618137792743,15,Saturday
YYXdXT2l-Gg,Python Tutorial for Beginners 1: Install and Setup for Mac and Windows,2017-05-17 15:30:00+00:00,3852363,45648,1356,0.011849350645305233,15,Wednesday
MZ6FiuW8DN0,Day 3 of 15 Days Python Tutorial üöÄ |User Inputs #pythontutorial #learnpython,2025-06-17 12:30:23+00:00,3620,136,1,0.03756906077348066,12,Tuesday
PNSIWjWAA7o,All Python Syntax in 25 Minutes ‚Äì Tutorial,2023-08-13 12:00:19+00:00,127757,4464,102,0.034941333938649156,12,Sunday
ufRLns-QQh0,Struggling with Python programming? Learn it in a  Simplest way #shorts #pythonprogramming,2023-06-27 11:54:10+00:00,7428328,417107,1303,0.05615085925123393,11,Tuesday
wUSDVGivd-8,Python for Data Analytics - Full Course for Beginners,2024-06-07 12:01:05+00:00,905599,25865,802,0.028561206450095463,12,Friday
DZjrmtFUsrE,5 Easiest Coding Language to learn (my opinion),2022-11-03 15:05:20+00:00,3009420,293315,1602,0.0974656246054057,15,Thursday
_6N18g3ewnw,Aprende PYTHON en 10 minutos üü¢,2022-11-11 11:00:32+00:00,558732,22538,516,0.04033776479600238,11,Friday
8KCuHHeC_M0,Learn Python in 1 hour! üêç,2024-08-18 14:00:05+00:00,356066,11034,483,0.030988636938095747,14,Sunday
KZpYtNtGxSU,Python if __name__ == '__main__': Visually Explained,2025-02-21 14:00:25+00:00,338015,17567,595,0.051971066372794104,14,Friday
Ej_02ICOIgs,Object Oriented Programming with Python - Full Course for Beginners,2021-10-13 13:53:03+00:00,2235212,48252,1293,0.021587214098707414,13,Wednesday
HakXpkXcjdI,Learn Python in 2 Hours | Amit Thinks | Python Tutorial for Beginners,2022-11-24 04:45:00+00:00,71379,1241,37,0.01738606592975525,4,Thursday
WGJJIrtnfpk,Python Full Course - 12 Hours | Python For Beginners - Full Course | Python Tutorial | Edureka,2019-12-01 08:51:45+00:00,6830031,127586,1262,0.018680149475163436,8,Sunday
PtBHnMMRI0E,Python en 8 Minutos,2025-03-13 17:00:33+00:00,144794,7197,319,0.049705098277552935,17,Thursday
gTqV-h_v8Pw,PYTHON 2026 | Tutorial for Beginners | One SHOT Basic to Advanced | HINDI BY VIKAS SINGH ,2025-09-17 20:33:27+00:00,7230,545,101,0.07538035961272475,20,Wednesday
th4OBktqK1I,Learn Python With This ONE Project!,2022-09-24 13:00:27+00:00,2194977,76763,1123,0.03497212043679729,13,Saturday
6OF7tK_NuEo,Python Full Course for Absolute Beginners | Python Tutorial | Python Training 2025 | Simplilearn,2025-09-11 18:22:48+00:00,2969,83,0,0.02795554058605591,18,Thursday
QUT1VHiLmmI,Python NumPy Tutorial for Beginners,2019-08-07 13:00:04+00:00,1971968,46472,691,0.02356630533558354,13,Wednesday
rmmYbjrW0c4,"""Master Python: Your Ultimate Beginner's Guide! #pythonlanguage #pythonsoftware #pythontutorial",2025-02-02 08:33:03+00:00,43,1,1,0.023255813953488372,8,Sunday
feiUbnXgceg,belajar python menyenangkan,2023-05-25 03:03:48+00:00,139598,2311,66,0.01655467843378845,3,Thursday
rmmYbjrW0c4,"""Master Python: Your Ultimate Beginner's Guide! #pythonlanguage #pythonsoftware #pythontutorial",2025-02-02 08:33:03+00:00,43,1,1,0.023255813953488372,8,Sunday
T6bJ_FrVrDU,Picking Random Item From A List In Python | Python Tutorial,2024-06-05 16:00:22+00:00,1647,48,2,0.029143897996357013,16,Wednesday
BVIoAILnZ4Q,#01 Python Programming Tutorial Series üìö| Introduction to Python üßë‚Äçüíª| EMC ACADEMY üí™,2023-05-07 03:30:06+00:00,755802,21191,361,0.02803776650498411,3,Sunday
wPc6mANhIj4,I CREATE COFFEE APP IN 2 MIN USING PYTHON & LEARN PYTHON BY BUILDING SIMPLE PROJECTS,2025-05-10 16:01:23+00:00,171540,3292,66,0.01919085927480471,16,Saturday
uohaTwIXThE,Flask JSON Responses Made Easy | Python Tutorial,2025-01-24 17:00:59+00:00,1405,89,0,0.06334519572953737,17,Friday
DInMru2Eq6E,Introduction to Python Programming | Python for Beginners #lec1,2022-08-26 14:30:02+00:00,1492379,25999,861,0.01742117786433607,14,Friday
Y21OR1OPC9A,Python Virtual Environments - Full Tutorial for Beginners,2024-03-16 14:47:21+00:00,255866,8177,160,0.03195813433594147,14,Saturday
Qb9s3UiMSTA,Asyncio in Python - Full Tutorial,2024-04-05 14:30:26+00:00,237086,6956,151,0.029339564546198425,14,Friday
M576WGiDBdQ,"Solidity, Blockchain, and Smart Contract Course ‚Äì Beginner to Expert Python Tutorial",2021-09-09 13:38:22+00:00,3641018,91991,5248,0.02526518682412446,13,Thursday
B9nFMZIYQl0,Python Tutorial for Beginners - Full Course in 12 Hours (2022),2022-09-02 16:00:10+00:00,473429,16008,453,0.033812884297328635,16,Friday
tZO6AxKCQ7s,python tutorial Arithmetic operators,2023-06-27 07:44:46+00:00,50,0,0,0.0,7,Tuesday
FbBXtqtRnWU,Introducing Python in Excel,2023-08-22 13:21:51+00:00,1905373,38137,1531,0.020015503526081245,13,Tuesday
2vdDWpABpj4,"Python Turtle Graphics for my ‚ù§Ô∏è When Words Fail, Code Speaks üåπ.#pythonprogramming #coding",2025-07-03 02:55:00+00:00,1815,24,0,0.013223140495867768,2,Thursday
pKEjmiH_4RA,#5 - Create python script with IDLE shell | Python Tutorial | Praveen Kumar,2023-03-22 19:31:53+00:00,231761,2950,47,0.012728629924793214,19,Wednesday
Mf7eFtbVxFM,#6 Python Tutorial for Beginners | Tuple | Set in Python,2018-07-04 03:00:17+00:00,2293926,38114,1681,0.016615182878610732,3,Wednesday
H09PmP5tsy8,Making a Game in Python with No Experience,2023-01-07 17:17:00+00:00,2023089,65793,920,0.0325210606157218,17,Saturday
dJI5NY8aZxs,Python Animation Tutorial #python #shorts #coding #cool,2025-03-13 10:16:22+00:00,38,2,0,0.05263157894736842,10,Thursday
2socU7yFLl0,Python Django Setup is easy | Python Tutorial,2025-08-28 15:45:00+00:00,419,5,0,0.011933174224343675,15,Thursday
u-OmVr_fT4s,Python Functions | Python Tutorial for Absolute Beginners #1,2018-11-06 15:00:11+00:00,1142386,19632,444,0.017185084551106195,15,Tuesday
rRTjPnVooxE,While loops in Python are easy ‚ôæÔ∏è,2022-10-22 14:02:58+00:00,622143,16086,358,0.025855791996373823,14,Saturday
Kh5jZMM8h7Y,Python CLASSES in 50 Seconds! üî•üë®‚Äçüíª #shorts,2022-01-22 05:00:17+00:00,1075815,36745,380,0.03415550071341262,5,Saturday
bdBlnHoRHVE,Python Tkinter Add Image #like #tutorial,2023-04-26 18:25:23+00:00,57116,1637,28,0.02866097065620842,18,Wednesday
kTVGcROrDeU,Which operator can be used to compare two  values? #shorts #python #tutorial #beginners #quiz,2022-07-29 18:30:55+00:00,239,2,0,0.008368200836820083,18,Friday
KWgYha0clzw,For loops in Python are easy üîÅ,2022-10-23 17:33:10+00:00,672584,14427,275,0.02145010883398951,17,Sunday
ERCMXc8x7mc,Python Tutorial for Beginners - Full Course (with Notes & Practice Questions),2024-02-12 14:24:29+00:00,9302042,151875,7927,0.016327060230431123,14,Monday
WHY3bz5_QdI,Python full course in telugu in 1 hour | Complete python course | Vamsi Bhavani,2022-03-22 15:41:18+00:00,1252889,47451,657,0.03787326730460559,15,Tuesday
W8KRzm-HUcc,"Python Tutorial for Beginners 4: Lists, Tuples, and Sets",2017-05-17 17:00:03+00:00,1659980,39800,1204,0.0239761924842468,17,Wednesday
XF6QAx-zPqQ,python graphics designüë®‚Äçüíªüî•üî•|python tutorial video|Python short video software engineer|#python #100,2024-01-29 06:36:49+00:00,437,0,0,0.0,6,Monday
NiIJIU5BEBU,Python Tutorial: Introduction to spaCy,2020-03-05 16:30:13+00:00,14787,183,1,0.012375735443294785,16,Thursday
4p7axLXXBGU,Aprenda Python em 10min (para Iniciantes),2022-11-03 20:00:02+00:00,866853,39307,541,0.045344481705664054,20,Thursday
_EsHwyjiqyQ,Imparare a programmare da zero. Corso di Programmazione Python per Principianti Tutorial Python ITA,2021-03-02 11:30:57+00:00,312226,14390,923,0.04608841031816697,11,Tuesday
b4Y3fSchAOE,Importing NumPy & Pandas on Python Tutorial | Beginner‚Äôs Guide to Coding,2025-02-11 20:00:15+00:00,109,1,0,0.009174311926605505,20,Tuesday
lsqJn0DU5wI,I Tried 50 Python Courses. Here Are Top 5.,2025-05-08 15:20:09+00:00,56298,1888,84,0.03353582720522932,15,Thursday
ThklY3Y9eYM,Day 9 of 15 Days Python Tutorial üöÄ | Looping through List #pythontutorial #learnpython,2025-06-23 12:30:40+00:00,2631,94,1,0.035727860129228434,12,Monday
rLyYb7BFgQI,Learn Python OOP in under 20 Minutes,2024-08-30 08:05:44+00:00,389021,13590,255,0.03493384675891533,8,Friday
i3cAsAivXC8,For loop in Python | Python interview question | #pythontutorial #python #interview #forloop #loops,2024-01-05 18:07:50+00:00,69188,1285,1,0.01857258484130196,18,Friday
Eaz5e6M8tL4,#5 Python Tutorial for Beginners | List in Python,2018-07-03 15:26:39+00:00,3327718,62580,3447,0.01880568004860989,15,Tuesday
aIUqbB7R1v0,Python Turtle Graphics 7 | multi colors designs #CodingWithKarthik,2022-05-25 13:41:19+00:00,465786,27697,234,0.05946292932806053,13,Wednesday
nxjwB8up2gI,Regular Expressions in Python || Python Tutorial || Learn Python Programming,2022-12-22 11:20:13+00:00,113093,4126,169,0.03648324830007162,11,Thursday
0MhVkKHYUAY,New Python Coders Be Like...,2022-07-31 12:57:40+00:00,5385387,155474,3110,0.028869605842625608,12,Sunday
8O5kX73OkIY,#49 Python Tutorial for Beginners | Class and Object,2018-08-16 06:45:22+00:00,939417,15931,468,0.01695839015048695,6,Thursday
9F6zAuYtuFw,Python Scripting Tutorial for Beginners | Python Tutorial | Python Training | Edureka,2018-04-16 04:47:38+00:00,547691,5750,63,0.01049862057254912,4,Monday
WpF6azYAxYg,Decorators in Python  || Python Tutorial  ||  Learn Python Programming,2023-05-07 10:00:16+00:00,134049,4733,180,0.03530798439376646,10,Sunday
P7NbYXCvxtA,Ready for my next tutorial? #shorts #python,2022-11-26 19:59:50+00:00,26739,1678,76,0.06275477766558211,19,Saturday
nKPbfIU442g,Curso de PYTHON desde CERO (Completo),2023-01-22 23:52:37+00:00,4611975,155935,7984,0.033810894464952654,23,Sunday
yVl_G-F7m8c,Python Projects for Beginners ‚Äì Master Problem-Solving! üöÄ,2024-09-10 13:01:00+00:00,532124,12471,481,0.023436266734821208,13,Tuesday
9mmVa6O-hzQ,PYTHON LERNEN in 10 Minuten (Anf√§nger Tutorial Deutsch),2022-05-25 16:00:07+00:00,186017,4813,149,0.02587397925996011,16,Wednesday
9N6a-VLBa2I,Python Tutorial: Working with JSON Data using the json Module,2017-11-20 19:00:01+00:00,1238837,25955,780,0.02095110171878948,19,Monday
kdLM6AOd2vc,OpenCV Python Tutorial For Beginners 1 - Introduction to OpenCV,2019-02-04 22:13:57+00:00,637597,5629,82,0.008828460610699234,22,Monday
RcZsTI5h0kg,HashMaps in Python Tutorial - Data Structures for Coding Interviews,2022-09-05 17:00:12+00:00,226409,6970,170,0.03078499529612339,17,Monday
EgpLj86ZHFQ,Please Learn How To Write Tests in Python‚Ä¶ ‚Ä¢ Pytest Tutorial,2025-02-25 15:54:38+00:00,98551,2280,59,0.023135229475094114,15,Tuesday
U2ZN104hIcc,Python Tutorial: pip - An in-depth look at the package management system,2015-04-16 15:33:57+00:00,273476,4196,174,0.015343211104447921,15,Thursday
e6vPt_e9sRw,Python Tutorial Deutsch | Komplettkurs f√ºr Anf√§nger,2024-05-07 14:00:35+00:00,626753,17014,525,0.027146260169476653,14,Tuesday
TqPzwenhMj0,#4 Python Tutorial for Beginners | Variables in Python,2018-07-03 03:48:22+00:00,3545594,62472,3294,0.017619614654131296,3,Tuesday
2uvysYbKdjM,Complete Python Pandas Data Science Tutorial! (2025 Updated Edition),2024-06-29 14:10:02+00:00,497170,13536,343,0.02722609972444033,14,Saturday
2vdDWpABpj4,"Python Turtle Graphics for my ‚ù§Ô∏è When Words Fail, Code Speaks üåπ.#pythonprogramming #coding",2025-07-03 02:55:00+00:00,1815,24,0,0.013223140495867768,2,Thursday
gZwPdqC2Os0,#48 Python Tutorial for Beginners | Object Oriented Programming | Introduction,2018-08-14 15:43:52+00:00,500177,9582,248,0.019157218344705976,15,Tuesday
tZO6AxKCQ7s,python tutorial Arithmetic operators,2023-06-27 07:44:46+00:00,50,0,0,0.0,7,Tuesday
3J1xBL7zJXg,Python do ZERO ao J√öNIOR - Os vendedores de curso CHORAM | R√°pido & Sem enrola√ß√£o,2023-08-15 15:00:07+00:00,804992,53713,1847,0.06672488670694864,15,Tuesday
kdLM6AOd2vc,OpenCV Python Tutorial For Beginners 1 - Introduction to OpenCV,2019-02-04 22:13:57+00:00,637597,5629,82,0.008828460610699234,22,Monday
GmdGv5ndX54,Python For Beginners in Telugu [PART 1] || Code with Swaroop || Zero to Hero || Introduction,2024-01-01 14:57:42+00:00,1124274,45988,2966,0.04090461933656742,14,Monday
pKEjmiH_4RA,#5 - Create python script with IDLE shell | Python Tutorial | Praveen Kumar,2023-03-22 19:31:53+00:00,231761,2950,47,0.012728629924793214,19,Wednesday
HGOBQPFzWKo,Intermediate Python Programming Course,2020-08-27 17:23:03+00:00,4169710,88674,1957,0.021266227147691327,17,Thursday
UrsmFxEIp5k,Python Tutorial For Beginners in Hindi | Complete Python Course üî•,2024-06-16 05:36:24+00:00,13575585,287159,37965,0.021152605946631396,5,Sunday
qiSCMNBIP2g,OOP in Python | Object Oriented Programming,2018-11-17 15:07:38+00:00,1978380,36600,1418,0.018499984836078003,15,Saturday
dJI5NY8aZxs,Python Animation Tutorial #python #shorts #coding #cool,2025-03-13 10:16:22+00:00,38,2,0,0.05263157894736842,10,Thursday
GqHLztqy0PU,#64 Python Tutorial for Beginners | MultiThreading,2018-09-12 10:58:12+00:00,488408,11399,556,0.02333909354474128,10,Wednesday
IEEhzQoKtQU,Python Threading Tutorial: Run Code Concurrently Using the Threading Module,2019-09-12 14:30:01+00:00,888092,21958,740,0.024724915887092778,14,Thursday
QVdf0LgmICw,Python Tutorial: Variable Scope - Understanding the LEGB rule and global/nonlocal statements,2016-12-20 17:30:00+00:00,387343,11345,367,0.029289286239844274,17,Tuesday
vmEHCJofslg,"Complete Python Pandas Data Science Tutorial! (Reading CSV/Excel files, Sorting, Filtering, Groupby)",2018-10-26 00:10:07+00:00,3432847,74921,2120,0.021824741970731584,0,Friday
EXIgjIBu4EU,Learn Pandas in 30 Minutes - Python Pandas Tutorial,2025-08-06 14:00:18+00:00,47095,1539,60,0.03267862830449092,14,Wednesday
gCCVsvgR2KU,#10 Python Tutorial for Beginners | Data Types in Python,2018-07-05 09:47:27+00:00,1708796,26993,1059,0.015796502332636547,9,Thursday
oUJolR5bX6g,APPRENDRE PYTHON [TUTO PROGRAMMATION COMPLET D√âBUTANT],2020-10-17 07:17:34+00:00,3633898,106691,3806,0.02935993250223314,7,Saturday
2socU7yFLl0,Python Django Setup is easy | Python Tutorial,2025-08-28 15:45:00+00:00,419,5,0,0.011933174224343675,15,Thursday
Kh5jZMM8h7Y,Python CLASSES in 50 Seconds! üî•üë®‚Äçüíª #shorts,2022-01-22 05:00:17+00:00,1075815,36745,380,0.03415550071341262,5,Saturday
kTVGcROrDeU,Which operator can be used to compare two  values? #shorts #python #tutorial #beginners #quiz,2022-07-29 18:30:55+00:00,239,2,0,0.008368200836820083,18,Friday
bdBlnHoRHVE,Python Tkinter Add Image #like #tutorial,2023-04-26 18:25:23+00:00,57116,1637,28,0.02866097065620842,18,Wednesday
D3JvDWO-BY4,"Python Tutorial: Sorting Lists, Tuples, and Objects",2015-12-15 16:30:01+00:00,292657,5776,228,0.01973641498409401,16,Tuesday
oXlwWbU8l2o,OpenCV Course - Full Tutorial with Python,2020-11-03 14:18:52+00:00,4438869,52882,1219,0.011913395056263206,14,Tuesday
-65r_3r-nN4,Python Tutorial with Gen AI for 2025 | Python for Beginners | Python full course,2024-07-28 12:32:00+00:00,355366,9584,145,0.026969378049672733,12,Sunday
3dt4OGnU5sM,Python Tutorial: Comprehensions - How they work and why you should be using them,2015-08-24 16:30:01+00:00,558427,13858,510,0.0248161353229697,16,Monday
h8V1IOolYA0,Functions in Python | Python Tutorial in Hindi 10,2024-09-04 13:26:24+00:00,46154,1110,140,0.024049919833600556,13,Wednesday
C0p-2qk6aak,Make Your First GUI Calculator in Python - Beginner Tutorial,2025-09-14 04:20:55+00:00,332,13,7,0.0391566265060241,4,Sunday
HHcZbXsZtm0,PyCharm Tutorial | Introduction to PyCharm | Basics in 10 Minutes,2021-09-08 14:48:09+00:00,731029,10748,348,0.014702563099411925,14,Wednesday
k9TUPpGqYTo,Python Tutorial for Beginners 2: Strings - Working with Textual Data,2017-05-17 16:00:04+00:00,1912055,41326,1261,0.021613395012172767,16,Wednesday
XCKWZAtKTnU,Python Tutorial 1: Introduction to Python for Absolute Beginners,2021-02-24 17:30:14+00:00,249373,6349,685,0.025459853312106765,17,Wednesday
XF6QAx-zPqQ,python graphics designüë®‚Äçüíªüî•üî•|python tutorial video|Python short video software engineer|#python #100,2024-01-29 06:36:49+00:00,437,0,0,0.0,6,Monday
dzxp6Ncz6-o,So w√ºrde ich 2025 Python lernen (schnellster Weg),2025-03-12 17:00:49+00:00,8203,270,9,0.03291478727294892,17,Wednesday
NiIJIU5BEBU,Python Tutorial: Introduction to spaCy,2020-03-05 16:30:13+00:00,14787,183,1,0.012375735443294785,16,Thursday
2Fp1N6dof0Y,Python Tutorial: Calling External Commands Using the Subprocess Module,2019-07-24 17:00:00+00:00,391956,9378,387,0.023926154976579003,17,Wednesday
FFrrShS7LZw,Python Tutorial f√ºr Anf√§nger: Lerne Python in 60 Minuten (deutsch),2024-08-10 16:00:11+00:00,83726,1738,93,0.020758187420872848,16,Saturday
qbLc5a9jdXo,REST API Crash Course - Introduction + Full Python API Tutorial,2020-11-19 20:27:58+00:00,1187448,27431,803,0.02310080104560368,20,Thursday
UHKACm20iS0,Python for Beginners | Ep - 01 | Basics - Print | Interpreter vs Compiler | Tamil | code io,2021-05-12 04:48:52+00:00,347462,8215,300,0.023642873177498545,4,Wednesday
i3cAsAivXC8,For loop in Python | Python interview question | #pythontutorial #python #interview #forloop #loops,2024-01-05 18:07:50+00:00,69188,1285,1,0.01857258484130196,18,Friday
lgoB3_-ejnI,AsyncIO in Python | Python Tutorial - Day #96,2023-03-03 11:32:53+00:00,120190,2881,175,0.02397038023130044,11,Friday
sHw5hLYFaIw,Regular Expression Tutorial Python | Python Regex Tutorial,2021-12-01 13:00:11+00:00,174726,4343,135,0.02485606034591303,13,Wednesday
gfR_XMqrGFs,Python Data Types | Learn Python | Python Tutorial for Beginners | Edureka | Python Module - 3,2020-07-09 05:55:32+00:00,9749,150,4,0.01538619345573905,5,Thursday
KjJ7WzEL-es,Python Tutorial for Beginners | Learn Python Step By Step | Python Course,2019-09-19 11:31:30+00:00,18344,302,22,0.016463148713475796,11,Thursday
HZARImviDxg,#20 Python Tutorial for Beginners | While Loop in Python,2018-07-12 04:59:18+00:00,1778514,31174,2316,0.017528116168891557,4,Thursday
